{
    "champion":[
        {"name":"Aatrox","title":"the Darkin Blade","quote":"Now, hear the silence of annihilation!"},
        {"name":"Ahri","title":"the Nine-Tailed Fox","quote":"\"Don't you trust me?\""},
        {"name":"Akali","title":"the Rogue Assassin","quote":"\"Fear the assassin with no master.\""},
        {"name":"Akshan","title":"the Rogue Sentinel","quote":"\"Fixing the world, one scoundrel at a time!\""},{"name":"Alistar","title":"the Minotaur","quote":"\"Nothing can hold me back!\""},
        {"name":"Amumu","title":"the Sad Mummy","quote":"\"I thought you'd never pick me.\""},
        {"name":"Anivia","title":"the Cryophoenix","quote":"\"On my wings.\""},
        {"name":"Annie","title":"the Dark Child","quote":"\"You wanna play too? It'll be fun!\""},
        {"name":"Aphelios","title":"the Weapon of the Faithful","quote":"\"So many weapons, Aphelios. The deadliest is your faith.\""},
        {"name":"Ashe","title":"the Frost Archer","quote":"\"All the world on one arrow.\""},
        {"name":"Aurelion Sol","title":"The Star Forger","quote":"\"Naturally.\""},
        {"name":"Azir","title":"the Emperor of the Sands","quote":"\"Shurima! Your emperor has returned!\""},
        {"name":"Bard","title":"the Wandering Caretaker","quote":"Bard chimes."},
        {"name":"Bel'Veth","title":"The Empress of the Void","quote":"\"I am the voice of the silence.\""},{"name":"Blitzcrank","title":"the Great Steam Golem","quote":"\"Fired up and ready to serve.\""},
        {"name":"Brand","title":"the Burning Vengeance","quote":"\"Ready to set the world on fire? Heheheh...\""},{"name":"Braum","title":"the Heart of the Freljord","quote":"\"The heart is the strongest muscle.\""},{"name":"Caitlyn","title":"the Sheriff of Piltover","quote":"\"I'm on the case.\""},
        {"name":"Camille","title":"the Steel Shadow","quote":"\"Precision is the difference between a butcher and a surgeon.\""},
        {"name":"Cassiopeia","title":"the Serpent's Embrace","quote":"\"There is no antidote for me.\""},
        {"name":"Cho'Gath","title":"the Terror of the Void","quote":"\"You'd wish the world you know to end! Yeeeesssss...\""},
        {"name":"Corki","title":"the Daring Bombardier","quote":"\"I'm up to snuff, and gots me an ace machine!\""},{"name":"Darius","title":"the Hand of Noxus","quote":"\"They will regret opposing me.\""},
        {"name":"Diana","title":"Scorn of the Moon","quote":"\"A new moon is rising.\""},
        {"name":"Dr. Mundo","title":"the Madman of Zaun","quote":"\"The doctor is... uh... in!\""},
        {"name":"Draven","title":"the Glorious Executioner","quote":"\"Welcome to the League of Draven.\""},
        {"name":"Ekko","title":"the Boy Who Shattered Time","quote":"It's not how much time you have, it's how you use it."},
        {"name":"Elise","title":"the Spider Queen","quote":"\"Only the spider is safe in her web.\""},
        {"name":"Evelynn","title":"Agony's Embrace","quote":"\"You know you want me.\""},
        {"name":"Ezreal","title":"the Prodigal Explorer","quote":"\"Quest accepted! ...Wait, where are we going?\""},{"name":"Fiddlesticks","title":"the Ancient Fear","quote":"\"Fear...\""},
        {"name":"Fiora","title":"the Grand Duelist","quote":"\"I long for a worthy opponent.\""},
        {"name":"Fizz","title":"the Tidal Trickster","quote":"\"Let me at 'em!\""},
        {"name":"Galio","title":"the Colossus","quote":"\"Time to make an impact!\""},
        {"name":"Gangplank","title":"the Saltwater Scourge","quote":"\"Neither the flames nor the depths could claim me.\""},{"name":"Garen","title":"The Might of Demacia","quote":"\"My heart and sword always for Demacia.\""},{"name":"Gnar","title":"the Missing Link","quote":"\"Gnar gada!\""},
        {"name":"Gragas","title":"the Rabble Rouser","quote":"\"If you're buying, I'm in!\""},{"name":"Graves","title":"the Outlaw","quote":"\"Dead man walkin'.\""},
        {"name":"Gwen","title":"The Hallowed Seamstress","quote":"\"Head high, chin up, scissors ready!\""},{"name":"Hecarim","title":"the Shadow of War","quote":"\"Behold, the might of the Shadow Isles.\""},{"name":"Heimerdinger","title":"the Revered Inventor","quote":"\"Indeed, a wise choice.\""},
        {"name":"Illaoi","title":"the Kraken Priestess","quote":"\"I'm not big on sermons - broken bones teach better lessons.\""},
        {"name":"Irelia","title":"the Blade Dancer","quote":"\"Fight for the First Lands!\""},
        {"name":"Ivern","title":"the Green Father","quote":"\"My favorite color is spring.\""},
        {"name":"Janna","title":"the Storm's Fury","quote":"\"The tempest is at your command.\""},
        {"name":"Jarvan IV","title":"the Exemplar of Demacia","quote":"\"By my will, this shall be finished.\""},{"name":"Jax","title":"Grandmaster at Arms","quote":"\"Let's do this!\""},
        {"name":"Jayce","title":"the Defender of Tomorrow","quote":"\"I fight for a brighter tomorrow.\""},
        {"name":"Jhin","title":"the Virtuoso","quote":"\"In carnage, I bloom, like a flower in the dawn.\""},
        {"name":"Jinx","title":"the Loose Cannon","quote":"\"Rules are made to be broken... like buildings! Or people!\""},{"name":"Kai'Sa","title":"Daughter of the Void","quote":"\"Are you the hunter... or the prey?\""},
        {"name":"Kalista","title":"the Spear of Vengeance","quote":"\"Death to all betrayers.\""},
        {"name":"Karma","title":"the Enlightened One","quote":"\"Always trust your spirit.\""},
        {"name":"Karthus","title":"the Deathsinger","quote":"\"Agony, ecstasy, peace. Every passing has a beauty all its own.\""},
        {"name":"Kassadin","title":"the Void Walker","quote":"\"The balance of power must be preserved.\""},{"name":"Katarina","title":"the Sinister Blade","quote":"\"Violence solves everything.\""},
        {"name":"Kayle","title":"the Righteous","quote":"\"They shall tremble at my perfection.\""},
        {"name":"Kayn","title":"the Shadow Reaper","quote":"\"Will you prove worthy?\""},
        {"name":"Kennen","title":"the Heart of the Tempest","quote":"\"The eyes never lie.\""},
        {"name":"Kha'Zix","title":"the Voidreaver","quote":"\"Change is good.\""},
        {"name":"Kindred","title":"The Eternal Hunters","quote":"\"Never one... \""},
        {"name":"Kled","title":"the Cantankerous Cavalier","quote":"\"I find courage unpredictable, it's total insanity you can rely on!\""},
        {"name":"Kog'Maw","title":"the Mouth of the Abyss","quote":"\"Time to feast!\""},
        {"name":"LeBlanc","title":"the Deceiver","quote":"\"The Black Rose shall bloom once more.\""},
        {"name":"Lee Sin","title":"the Blind Monk","quote":"\"Your will, my hands.\""},
        {"name":"Leona","title":"the Radiant Dawn","quote":"\"The dawn has arrived.\""},
        {"name":"Lillia","title":"the Bashful Bloom","quote":"\"Me? A dream come true.\""},
        {"name":"Lissandra","title":"the Ice Witch","quote":"\"I will bury the world in ice.\""},
        {"name":"Lucian","title":"the Purifier","quote":"\"Everybody dies. Some just need a little help.\""},
        {"name":"Lulu","title":"the Fae Sorceress","quote":"\"Pleased to meet you!\""},
        {"name":"Lux","title":"the Lady of Luminosity","quote":"\"Let's light it up!\""},
        {"name":"Malphite","title":"Shard of the Monolith","quote":"\"Rock solid.\""},
        {"name":"Malzahar","title":"the Prophet of the Void","quote":"\"Oblivion awaits!\""},
        {"name":"Maokai","title":"the Twisted Treant","quote":"\"The Isles will bloom again!\""},
        {"name":"Master Yi","title":"the Wuju Bladesman","quote":"\"My blade is yours.\""},
        {"name":"Miss Fortune","title":"the Bounty Hunter","quote":"\"Fortune doesn't favor fools.\""},
        {"name":"Mordekaiser","title":"the Iron Revenant","quote":"\"Destiny. Domination. Deceit.\""},
        {"name":"Morgana","title":"the Fallen","quote":"\"I am bound, but I will not break.\""},
        {"name":"Nami","title":"the Tidecaller","quote":"\"I decide what the tide will bring.\""},
        {"name":"Nasus","title":"the Curator of the Sands","quote":"\"The cycle of life and death continues. We will live, they will die.\""},
        {"name":"Nautilus","title":"the Titan of the Depths","quote":"\"Beware the depths.\""},
        {"name":"Neeko","title":"the Curious Chameleon","quote":"\"Neeko is best decision!\""},
        {"name":"Nidalee","title":"the Bestial Huntress","quote":"\"They will fear the wild.\""},
        {"name":"Nilah","title":"The Joy Unbound","quote":"\"Joy, unceasing and forever!\""},
        {"name":"Nocturne","title":"the Eternal Nightmare","quote":"\"Embrace the darkness.\""},
        {"name":"Nunu","title":"the Boy and His Yeti","quote":"\"Every adventure is better with a friend! (Willump noises) (Laughs)\""},
        {"name":"Olaf","title":"the Berserker","quote":"\"Leave nothing behind!\""},
        {"name":"Orianna","title":"the Lady of Clockwork","quote":"\"We will kill your enemies. That will be fun.\""},{"name":"Ornn","title":"The Fire Below the Mountain","quote":"\"Fine, we go.\""},
        {"name":"Pantheon","title":"the Unbreakable Spear","quote":"\"In battle, we are reborn.\""},
        {"name":"Poppy","title":"Keeper of the Hammer","quote":"\"I'm no hero—just a Yordle with a hammer.\""},{"name":"Pyke","title":"the Bloodharbor Ripper","quote":"\"Sink 'em all.\""},
        {"name":"Qiyana","title":"Empress of the Elements","quote":"\"You may now appreciate me.\""},
        {"name":"Quinn","title":"Demacia's Wings","quote":"\"Justice takes wing.\""},
        {"name":"Rakan","title":"The Charmer","quote":"\"Let's dance.\""},
        {"name":"Rammus","title":"the Armordillo","quote":"\"OK.\""},
        {"name":"Rek'Sai","title":"the Void Burrower","quote":"Rek'Sai rasps."},
        {"name":"Rell","title":"the Iron Maiden","quote":"\"Nothing gets in, no one gets out.\""},
        {"name":"Renata Glasc","title":"the Chem-Baroness","quote":"\"It's 'Miss Glasc'... if you value your life.\""},{"name":"Renekton","title":"the Butcher of the Sands","quote":"\"As I live, all will die!\""},
        {"name":"Rengar","title":"the Pridestalker","quote":"\"Tonight, we hunt!\""},
        {"name":"Riven","title":"the Exile","quote":"\"What is broken can be reforged.\""},
        {"name":"Rumble","title":"the Mechanized Menace","quote":"\"Let's get in the fight!\""},
        {"name":"Ryze","title":"the Rune Mage","quote":"\"A step ahead of cataclysm.\""},
        {"name":"Samira","title":"the Desert Rose","quote":"\"You want style? You've found her.\""},
        {"name":"Sejuani","title":"Fury of the North","quote":"\"Trust nothing but your strength.\""},
        {"name":"Senna","title":"the Redeemer","quote":"\"No one fights alone in the Mist.\""},
        {"name":"Seraphine","title":"the Starry-Eyed Songstress","quote":"\"Let's change the world!\""},
        {"name":"Sett","title":"the Boss","quote":"\"I'm undisputed.\""},
        {"name":"Shaco","title":"the Demon Jester","quote":"\"How about a magic trick?\""},
        {"name":"Shen","title":"the Eye of Twilight","quote":"\"A demonstration of superior judgement.\""},{"name":"Shyvana","title":"the Half-Dragon","quote":"\"They are nothing before me.\""},
        {"name":"Singed","title":"the Mad Chemist","quote":"\"How about a drink?\""},
        {"name":"Sion","title":"The Undead Juggernaut","quote":"\"Rest is for the living.\""},
        {"name":"Sivir","title":"the Battle Mistress","quote":"\"I always take my toll - blood, or gold.\""},{"name":"Skarner","title":"the Crystal Vanguard","quote":"\"My stinger brings ugly death.\""},
        {"name":"Sona","title":"Maven of the Strings","quote":"\"What masterpiece shall we play today?\""},
        {"name":"Soraka","title":"the Starchild","quote":"\"Let me guide you.\""},
        {"name":"Swain","title":"the Noxian Grand General","quote":"\"Fear the power you do not see.\""},
        {"name":"Sylas","title":"the Unshackled","quote":"\"No more cages!\""},
        {"name":"Syndra","title":"the Dark Sovereign","quote":"\"So much untapped power!\""},
        {"name":"Tahm Kench","title":"The River King","quote":"\"Call me king, call me demon. Water forgets the names of the drowned.\""},
        {"name":"Taliyah","title":"the Stoneweaver","quote":"\"Know the loom. Be the stone.\""},
        {"name":"Talon","title":"the Blade's Shadow","quote":"\"Live and die by the blade.\""},
        {"name":"Taric","title":"the Shield of Valoran","quote":"\"That glimmer of hope you see, that's me.\""},{"name":"Teemo","title":"the Swift Scout","quote":"\"Captain Teemo on duty.\""},
        {"name":"Thresh","title":"the Chain Warden","quote":"\"What delightful agony we shall inflict.\""},{"name":"Tristana","title":"the Yordle Gunner","quote":"\"Once a Bandle gunner, always a Bandle gunner!\""},{"name":"Trundle","title":"the Troll King","quote":"\"Time to troll!\""},
        {"name":"Tryndamere","title":"the Barbarian King","quote":"\"This'll be a slaughter.\""},
        {"name":"Twisted Fate","title":"the Card Master","quote":"\"Lady luck is smilin'.\""},
        {"name":"Twitch","title":"the Plague Rat","quote":"\"What doesn't kill you just isn't finished yet.\""},{"name":"Udyr","title":"the Spirit Walker","quote":"\"Conflict feeds the Freljord.\""},
        {"name":"Urgot","title":"the Dreadnought","quote":"\"You cannot know strength... Until you are broken.\""},{"name":"Varus","title":"the Arrow of Retribution","quote":"\"The guilty will know agony.\""},
        {"name":"Vayne","title":"the Night Hunter","quote":"\"Let us hunt those who have fallen to darkness.\""},{"name":"Veigar","title":"the Tiny Master of Evil","quote":"\"Know that if the tables were turned, I would show you no mercy!\""},
        {"name":"Vel'Koz","title":"the Eye of the Void","quote":"\"Knowledge through... disintegration.\""},
        {"name":"Vex","title":"the Gloomist","quote":"\"'Kay. See if I care.\""},
        {"name":"Vi","title":"the Piltover Enforcer","quote":"\"Punch first. Ask questions while punching.\""},{"name":"Viego","title":"The Ruined King","quote":"\"Love ruins all.\""},
        {"name":"Viktor","title":"the Machine Herald","quote":"\"Join the glorious evolution.\""},
        {"name":"Vladimir","title":"the Crimson Reaper","quote":"\"The rivers will run red.\""},
        {"name":"Volibear","title":"the Relentless Storm","quote":"\"Feel the power of the wild.\""},
        {"name":"Warwick","title":"the Uncaged Wrath of Zaun","quote":"\"Blood runs... they all run.\""},
        {"name":"Wukong","title":"the Monkey King","quote":"\"I will be the best.\""},
        {"name":"Xayah","title":"the Rebel","quote":"\"I can never resist an invitation to dance.\""},
        {"name":"Xerath","title":"the Magus Ascendant","quote":"\"I will be free.\""},
        {"name":"Xin Zhao","title":"the Seneschal of Demacia","quote":"\"To the arena!\""},
        {"name":"Yasuo","title":"the Unforgiven","quote":"\"Death is like the wind - always by my side.\""},
        {"name":"Yone","title":"the Unforgotten","quote":"\"One to cut, one to seal.\""},
        {"name":"Yorick","title":"Shepherd of Souls","quote":"\"Fear not… I will make use of your corpse.\""},{"name":"Yuumi","title":"the Magical Cat","quote":"\"You and me, we got this!\""},
        {"name":"Zac","title":"the Secret Weapon","quote":"\"I was made for this... literally.\""},
        {"name":"Zed","title":"the Master of Shadows","quote":"\"The unseen blade is the deadliest.\""},
        {"name":"Zeri","title":"The Spark of Zaun","quote":"A spark is all I need!"},
        {"name":"Ziggs","title":"the Hexplosives Expert","quote":"\"This'll be a blast!\""},
        {"name":"Zilean","title":"the Chronokeeper","quote":"\"I knew you would do that... \""},
        {"name":"Zoe","title":"the Aspect of Twilight","quote":"\"Yes! This'll be fun! Right?\""},
        {"name":"Zyra","title":"Rise of the Thorns","quote":"\"Feel the thorns' embrace.\""}]}